{"count":1,"self":53.0360192,"total":55.0502523,"children":{"InitializeActuators":{"count":1,"self":0.0030001999999999997,"total":0.0030001999999999997,"children":null},"InitializeSensors":{"count":1,"self":0.0030007999999999996,"total":0.0030007999999999996,"children":null},"AgentSendState":{"count":2490,"self":0.24670099999999998,"total":0.2921603,"children":{"CollectObservations":{"count":2490,"self":0.0120291,"total":0.0120291,"children":null},"WriteActionMask":{"count":2490,"self":0.0060126999999999993,"total":0.0060126999999999993,"children":null},"RequestDecision":{"count":2490,"self":0.027417499999999997,"total":0.027417499999999997,"children":null}}},"DecideAction":{"count":2490,"self":1.6661852,"total":1.6812113,"children":{"RayPerceptionSensor.Perceive":{"count":2490,"self":0.015026099999999999,"total":0.015026099999999999,"children":null}}},"AgentAct":{"count":2490,"self":0.033860299999999996,"total":0.033860299999999996,"children":null}},"gauges":{"Player.CumulativeReward":{"count":17,"max":13.0000124,"min":-4.4,"runningAverage":9.941183,"value":12.0500088,"weightedAverage":11.5910463}},"metadata":{"timer_format_version":"0.1.0","start_time_seconds":"1675308078","unity_version":"2021.2.1f1","command_line_arguments":"C:\/Program Files\/Unity 2021.2.1f1\/Editor\/Unity.exe -projectpath C:\/Users\/gabri\/Documents\/Workspace\/Unity Projects\/Freeway 2022 -useHub -hubIPC -cloudEnvironment production -hubSessionId 5eb03330-a2a6-11ed-9660-99e5161c6a0d","communication_protocol_version":"1.5.0","com.unity.ml-agents_version":"2.0.1","scene_name":"freeway","end_time_seconds":"1675308133"}}